id,Publication Title,Title,Abbreviation,Publication Type,"Subject Area, Categories, Scope",h-index,Overall Rank/Ranking,SCImago Journal Rank (SJR),Impact Score,Publisher,Country,ISSN
1,Natural Hazards and Earth System Sciences,Natural Hazards and Earth System Sciences ,Nat. Hazards Earth Syst. Sci.,Journal,Earth and Planetary Sciences (miscellaneous) (Q1),107,3301,1.142,4.2,European Geosciences Union,Germany,"16849981, 15618633"
2,Frontiers in Sustainable Cities,-1,-1,-1,-1,-1,-1,-1.0,-1.0,-1,-1,-1
3,Proceedings of the Asia-Pacific Conference on Intelligent Medical 2018 & International Conference on Transportation and Traffic Engineering 2018 on   - APCIM & ICTTE 2018,-1,-1,-1,-1,-1,-1,-1.0,-1.0,-1,-1,-1
4,Transport Policy,Transport Policy ,Transp. Policy,Journal,"Geography, Planning and Development (Q1); Law (Q1); Transportation (Q1)",103,1624,1.732,6.36,Elsevier Ltd.,United Kingdom,"1879310X, 0967070X"
5,Communications Earth & Environment,-1,-1,-1,-1,-1,-1,-1.0,-1.0,-1,-1,-1
6,International Journal of Disaster Risk Reduction,International Journal of Disaster Risk Reduction ,Int. J. Disaster Risk Reduct.,Journal,Geology (Q1); Geotechnical Engineering and Engineering Geology (Q1); Safety Research (Q1),58,3557,1.096,5.05,Elsevier Ltd.,United Kingdom,22124209
7,HYDROLOGY RESEARCH,Hydrology Research ,Hydrol. Res.,Journal,Water Science and Technology (Q2),50,7626,0.642,2.71,,Denmark,"22247955, 00291277, 19989563"
8,SUSTAINABILITY,Nature Energy ,Nat. Energy,Journal,"Electronic, Optical and Magnetic Materials (Q1); Energy Engineering and Power Technology (Q1); Fuel Technology (Q1); Renewable Energy, Sustainability and the Environment (Q1)",160,22,16.736,25.73,Springer Nature,United States,20587546
9,EARTH SYSTEM SCIENCE DATA,Earth System Science Data ,Earth Syst. Sci. Data,Journal,Earth and Planetary Sciences (miscellaneous) (Q1),69,433,3.657,10.92,Copernicus Publications,Germany,"18663516, 18663508"
10,COMPUTERS & SECURITY,Advances in Computers ,Adv. Comput.,Book series,Computer Science (miscellaneous) (Q1),35,246,5.202,3.78,Academic Press Inc.,United States,652458
11,SUSTAINABLE AND RESILIENT INFRASTRUCTURE,Sustainable and Resilient Infrastructure ,Sustain. Resilient Infrastruct.,Journal,"Building and Construction (Q1); Civil and Structural Engineering (Q1); Geography, Planning and Development (Q1); Safety, Risk, Reliability and Quality (Q1)",17,3921,1.031,3.94,Taylor and Francis Ltd.,United States,"23789689, 23789697"
12,PROGRESS IN DISASTER SCIENCE,Progress in Disaster Science ,-1,Journal,"Earth and Planetary Sciences (miscellaneous) (Q1); Environmental Science (miscellaneous) (Q1); Geography, Planning and Development (Q1); Safety Research (Q1)",16,2498,1.361,8.6,Elsevier Ltd.,United Kingdom,25900617
13,ADVANCES IN SPACE RESEARCH,Advances in Space Research ,Adv. Space Res.,Journal,Aerospace Engineering (Q2); Astronomy and Astrophysics (Q2); Earth and Planetary Sciences (miscellaneous) (Q2); Geophysics (Q2); Atmospheric Science (Q3); Space and Planetary Science (Q3),99,8063,0.613,2.69,Elsevier Ltd.,United Kingdom,"02731177, 18791948"
14,TRANSPORTATION RESEARCH RECORD,Transportation Research Record ,Transp. Res. Rec.,Book series,Civil and Structural Engineering (Q2); Mechanical Engineering (Q2),131,8673,0.575,2.06,US National Research Council,United States,3611981
15,URBAN WATER JOURNAL,Urban Water Journal ,Urban Water J.,Journal,"Geography, Planning and Development (Q2); Water Science and Technology (Q2)",46,9128,0.549,2.38,Taylor and Francis Ltd.,United Kingdom,"17449006, 1573062X"
16,TRANSPORTATION RESEARCH PART D-TRANSPORT AND ENVIRONMENT,-1,-1,-1,-1,-1,-1,-1.0,-1.0,-1,-1,-1
17,COMPUTERS ENVIRONMENT AND URBAN SYSTEMS,-1,-1,-1,-1,-1,-1,-1.0,-1.0,-1,-1,-1
18,ASCE-ASME JOURNAL OF RISK AND UNCERTAINTY IN ENGINEERING SYSTEMS PART A-CIVIL ENGINEERING,-1,-1,-1,-1,-1,-1,-1.0,-1.0,-1,-1,-1
19,INTERNATIONAL JOURNAL OF BUILDING PATHOLOGY AND ADAPTATION,International Journal of Building Pathology and Adaptation ,Int. J. Build. Pathol. Adapt.,Journal,Building and Construction (Q2); Civil and Structural Engineering (Q2),34,11273,0.436,2.28,Emerald Group Publishing Ltd.,United Kingdom,23984708
20,NATURAL HAZARDS,Natural Hazards and Earth System Sciences ,Nat. Hazards Earth Syst. Sci.,Journal,Earth and Planetary Sciences (miscellaneous) (Q1),107,3301,1.142,4.2,European Geosciences Union,Germany,"16849981, 15618633"
21,SUSTAINABLE CITIES AND SOCIETY,Sustainable Cities and Society ,Sustain. Cities Soc.,Journal,"Civil and Structural Engineering (Q1); Geography, Planning and Development (Q1); Renewable Energy, Sustainability and the Environment (Q1); Transportation (Q1)",82,1229,2.015,11.03,Elsevier BV,Netherlands,22106707
22,ENVIRONMENTAL EARTH SCIENCES,Environmental Earth Sciences ,Environ. Earth Sci.,Journal,Earth-Surface Processes (Q2); Environmental Chemistry (Q2); Geology (Q2); Pollution (Q2); Soil Science (Q2); Water Science and Technology (Q2); Global and Planetary Change (Q3),130,7901,0.623,3.13,Springer Verlag,Germany,"18666299, 18666280"
23,JOURNAL OF HYDROLOGY,Journal of Hydrology ,J. Hydrol.,Journal,Water Science and Technology (Q1),241,1858,1.611,6.51,Elsevier,Netherlands,221694
24,TRAVEL BEHAVIOUR AND SOCIETY,Travel Behaviour and Society ,Travel Behav. Soc.,Journal,Transportation (Q1),33,1106,2.148,5.91,Elsevier BV,Netherlands,2214367X
25,GEOCARTO INTERNATIONAL,Geocarto International ,Geocarto Int.,Journal,"Geography, Planning and Development (Q1); Water Science and Technology (Q2)",47,7595,0.644,3.18,Taylor and Francis Ltd.,United Kingdom,"17520762, 10106049"
26,APPLIED SCIENCES-BASEL,-1,-1,-1,-1,-1,-1,-1.0,-1.0,-1,-1,-1
27,ENVIRONMENTAL SCIENCE AND POLLUTION RESEARCH,Environmental Science and Pollution Research ,Environ. Sci. Pollut. Res.,Journal,"Health, Toxicology and Mutagenesis (Q1); Environmental Chemistry (Q2); Medicine (miscellaneous) (Q2); Pollution (Q2)",132,5431,0.831,5.03,Springer Science + Business Media,Germany,"09441344, 16147499"
28,JOURNAL OF SPATIAL SCIENCE,Journal of Spatial Science ,J. Spat. Sci.,Journal,"Geography, Planning and Development (Q2); Atmospheric Science (Q3); Energy (miscellaneous) (Q3)",27,12881,0.367,1.68,Taylor and Francis Ltd.,United Kingdom,"14498596, 18365655"
29,JOURNAL OF APPLIED REMOTE SENSING,Journal of Applied Remote Sensing ,J. Appl. Remote Sens.,Journal,Earth and Planetary Sciences (miscellaneous) (Q2),50,10941,0.453,1.7,SPIE,United States,19313195
30,JOURNAL OF FLOOD RISK MANAGEMENT,Journal of Flood Risk Management ,J. Flood Risk Manag.,Journal,"Environmental Engineering (Q1); Geography, Planning and Development (Q1); Safety, Risk, Reliability and Quality (Q1); Water Science and Technology (Q1)",41,4291,0.97,3.56,Blackwell Publishing,Denmark,1753318X
31,NATURAL HAZARDS REVIEW,Natural Hazards Review ,Nat. Hazards Rev.,Journal,Civil and Structural Engineering (Q1); Environmental Science (miscellaneous) (Q1); Social Sciences (miscellaneous) (Q1),61,6066,0.77,3.72,American Society of Civil Engineers (ASCE),United States,15276988
32,CLIMATE RISK MANAGEMENT,Climate Risk Management ,Clim. Risk Manag.,Journal,"Atmospheric Science (Q1); Geography, Planning and Development (Q1); Management, Monitoring, Policy and Law (Q1); Global and Planetary Change (Q2)",36,2711,1.294,5.42,Elsevier BV,Netherlands,22120963
33,JOURNAL OF TRANSPORTATION ENGINEERING PART A-SYSTEMS,-1,-1,-1,-1,-1,-1,-1.0,-1.0,-1,-1,-1
34,JOURNAL OF HYDRO-ENVIRONMENT RESEARCH,Journal of Hydro-Environment Research ,J. Hydro-Environ. Res.,Journal,"Civil and Structural Engineering (Q2); Environmental Chemistry (Q2); Environmental Engineering (Q2); Management, Monitoring, Policy and Law (Q2); Water Science and Technology (Q2)",43,8006,0.617,2.57,Elsevier,Netherlands,15706443
35,PLOS ONE,PLoS ONE ,PLoS ONE,Journal,Multidisciplinary (Q1),367,5222,0.852,3.58,Public Library of Science,United States,19326203
36,IEEE GEOSCIENCE AND REMOTE SENSING LETTERS,IEEE Geoscience and Remote Sensing Letters ,IEEE Geosci. Remote Sens. Lett.,Journal,Electrical and Electronic Engineering (Q1); Geotechnical Engineering and Engineering Geology (Q1),125,2348,1.403,4.64,Institute of Electrical and Electronics Engineers Inc.,United States,1545598X
37,INTERNATIONAL JOURNAL OF CRITICAL INFRASTRUCTURE PROTECTION,International Journal of Critical Infrastructure Protection ,Int. J. Crit. Infrastruct. Prot.,Journal,"Computer Science Applications (Q2); Information Systems and Management (Q2); Modeling and Simulation (Q2); Safety, Risk, Reliability and Quality (Q2)",40,5973,0.777,4.32,Elsevier,Netherlands,18745482
38,SCIENCE OF THE TOTAL ENVIRONMENT,Science of the Total Environment ,Sci. Total Environ.,Journal,Environmental Chemistry (Q1); Environmental Engineering (Q1); Pollution (Q1); Waste Management and Disposal (Q1),275,1488,1.806,10.15,Elsevier,Netherlands,"00489697, 18791026"
39,JOURNAL OF COMPUTING IN CIVIL ENGINEERING,Journal of Computing in Civil Engineering ,J. Comput. Civ. Eng.,Journal,Civil and Structural Engineering (Q1); Computer Science Applications (Q1),83,2550,1.343,6.32,American Society of Civil Engineers (ASCE),United States,8873801
40,SIGNAL PROCESSING-IMAGE COMMUNICATION,-1,-1,-1,-1,-1,-1,-1.0,-1.0,-1,-1,-1
41,INTERNATIONAL JOURNAL OF DISASTER RISK SCIENCE,International Journal of Disaster Risk Science ,Int. J. Disaster Risk Sci.,Journal,"Geography, Planning and Development (Q1); Management, Monitoring, Policy and Law (Q1); Safety Research (Q1); Global and Planetary Change (Q2)",36,3539,1.101,5.03,Springer Science + Business Media,United States,"21926395, 20950055"
42,ENVIRONMENTAL IMPACT ASSESSMENT REVIEW,Environmental Impact Assessment Review ,Environ. Impact Assess. Rev.,Journal,"Ecology (Q1); Geography, Planning and Development (Q1); Management, Monitoring, Policy and Law (Q1)",99,3775,1.053,5.84,Elsevier Inc.,United States,1959255
43,STRUCTURAL HEALTH MONITORING-AN INTERNATIONAL JOURNAL,-1,-1,-1,-1,-1,-1,-1.0,-1.0,-1,-1,-1
44,APPLIED GEOMATICS,Applied Geomatics ,Appl. Geomat.,Journal,"Earth and Planetary Sciences (miscellaneous) (Q2); Engineering (miscellaneous) (Q2); Environmental Science (miscellaneous) (Q2); Geography, Planning and Development (Q2)",23,9291,0.538,2.57,Springer Verlag,Germany,"1866928X, 18669298"
45,WATER,Advances in Optics and Photonics ,Adv. Opt. Photonics,Journal,"Atomic and Molecular Physics, and Optics (Q1); Water Science and Technology (Q1)",73,127,7.473,20.41,The Optical Society,United States,19438206
46,IEEE ACCESS,IEEE Access ,IEEE Access,Journal,Computer Science (miscellaneous) (Q1); Engineering (miscellaneous) (Q1); Materials Science (miscellaneous) (Q1),158,4581,0.927,4.34,Institute of Electrical and Electronics Engineers Inc.,United States,21693536
47,STRUCTURE AND INFRASTRUCTURE ENGINEERING,Structure and Infrastructure Engineering ,Struct. Infrastruct. Eng.,Journal,"Building and Construction (Q1); Civil and Structural Engineering (Q1); Geotechnical Engineering and Engineering Geology (Q1); Mechanical Engineering (Q1); Ocean Engineering (Q1); Safety, Risk, Reliability and Quality (Q1)",54,4418,0.949,4.13,Taylor and Francis Ltd.,United Kingdom,"17448980, 15732479"
48,ENGINEERING TECHNOLOGY & APPLIED SCIENCE RESEARCH,Mathematical Modelling of Engineering Problems ,Math. Model. Eng. Probl.,Journal,Engineering (miscellaneous) (Q2); Applied Mathematics (Q3); Modeling and Simulation (Q3),15,14376,0.314,1.72,International Information and Engineering Technology Association,Canada,"23690739, 23690747"
49,KSCE JOURNAL OF CIVIL ENGINEERING,KSCE Journal of Civil Engineering ,KSCE J. Civ. Eng.,Journal,Civil and Structural Engineering (Q2),46,9814,0.51,2.3,Korean Society of Civil Engineers,Germany,"12267988, 19763808"
50,RELIABILITY ENGINEERING & SYSTEM SAFETY,Reliability Engineering and System Safety ,Reliab. Eng. Syst. Saf.,Journal,"Applied Mathematics (Q1); Industrial and Manufacturing Engineering (Q1); Safety, Risk, Reliability and Quality (Q1)",157,1462,1.824,7.1,Elsevier Ltd.,United Kingdom,"18790836, 09518320"
51,WILEY INTERDISCIPLINARY REVIEWS-CLIMATE CHANGE,-1,-1,-1,-1,-1,-1,-1.0,-1.0,-1,-1,-1
52,ENVIRONMENTAL RESEARCH LETTERS,Environmental Research Letters ,Environ. Res. Lett.,Journal,"Environmental Science (miscellaneous) (Q1); Public Health, Environmental and Occupational Health (Q1); Renewable Energy, Sustainability and the Environment (Q1)",142,1135,2.111,6.41,IOP Publishing Ltd.,United Kingdom,17489326
53,INTERNATIONAL JOURNAL OF HEALTH GEOGRAPHICS,International Journal of Health Geographics ,Int. J. Health Geogr.,Journal,"Business, Management and Accounting (miscellaneous) (Q1); Computer Science (miscellaneous) (Q1); Public Health, Environmental and Occupational Health (Q1)",81,3811,1.047,5.22,BioMed Central Ltd.,United Kingdom,1476072X
54,GEOSCIENCE FRONTIERS,Geoscience Frontiers ,Geosci. Front.,Journal,Earth and Planetary Sciences (miscellaneous) (Q1),65,1533,1.78,6.75,China University of Geosciences (Beijing) and Peking University,China,16749871
55,ENVIRONMENTAL HAZARDS-HUMAN AND POLICY DIMENSIONS,-1,-1,-1,-1,-1,-1,-1.0,-1.0,-1,-1,-1
56,JOURNAL OF APPLIED WATER ENGINEERING AND RESEARCH,Journal of Applied Water Engineering and Research ,J. Appl. Water Eng. Res.,Journal,Water Science and Technology (Q3),10,14815,0.299,1.24,Taylor and Francis Ltd.,United Kingdom,23249676
57,HYDROLOGY,Hydrology and Earth System Sciences ,Hydrol. Earth Syst. Sci.,Journal,Earth and Planetary Sciences (miscellaneous) (Q1); Water Science and Technology (Q1),147,1528,1.783,5.77,European Geosciences Union,Germany,"10275606, 16077938"
58,ADVANCES IN ENGINEERING SOFTWARE,Advances in Engineering Software ,Adv. Eng. Softw.,Journal,Engineering (miscellaneous) (Q1); Software (Q2),86,4645,0.92,4.54,Elsevier Ltd.,United Kingdom,"18735339, 09659978"
59,RISK ANALYSIS,Risk Analysis ,Risk Anal.,Journal,"Safety, Risk, Reliability and Quality (Q1); Physiology (medical) (Q2)",139,4657,0.919,3.86,Wiley-Blackwell Publishing Ltd,United Kingdom,"15396924, 02724332"
60,AUTOMATION IN CONSTRUCTION,Automation in Construction ,Autom. Constr.,Journal,Building and Construction (Q1); Civil and Structural Engineering (Q1); Control and Systems Engineering (Q1),138,909,2.401,11.45,Elsevier,Netherlands,9265805
61,JOURNAL OF ENVIRONMENTAL MANAGEMENT,Journal of Environmental Management ,J. Environ. Manag.,Journal,"Environmental Engineering (Q1); Management, Monitoring, Policy and Law (Q1); Medicine (miscellaneous) (Q1); Waste Management and Disposal (Q1)",196,2132,1.481,8.63,Academic Press Inc.,United States,"10958630, 03014797"
62,INTERNATIONAL JOURNAL OF DISASTER RESILIENCE IN THE BUILT ENVIRONMENT,International Journal of Disaster Resilience in the Built Environment ,Int. J. Disaster Resil. Built Environ.,Journal,"Building and Construction (Q3); Safety, Risk, Reliability and Quality (Q3)",23,13591,0.34,1.32,Emerald Group Publishing Ltd.,United Kingdom,"17595916, 17595908"
63,ENVIRONMENTAL MONITORING AND ASSESSMENT,Environmental Monitoring and Assessment ,Environ. Monit. Assess.,Journal,"Environmental Science (miscellaneous) (Q2); Management, Monitoring, Policy and Law (Q2); Medicine (miscellaneous) (Q2); Pollution (Q2)",122,7902,0.623,3.2,Springer Netherlands,Netherlands,"01676369, 15732959"
64,EARTH SCIENCE INFORMATICS,Earth Science Informatics ,Earth Sci. Inform.,Journal,Earth and Planetary Sciences (miscellaneous) (Q2),27,9973,0.502,2.98,Springer Verlag,Germany,"18650473, 18650481"
65,ENVIRONMENTAL MODELLING & SOFTWARE,Environmental Modelling and Software ,Environ. Model. Softw.,Journal,Ecological Modeling (Q1); Environmental Engineering (Q1); Software (Q1),146,2279,1.426,5.7,Elsevier BV,Netherlands,13648152
66,REMOTE SENSING,Remote Sensing of Environment ,Remote Sens. Environ.,Journal,Computers in Earth Sciences (Q1); Geology (Q1); Soil Science (Q1),303,405,3.862,13.63,Elsevier Inc.,United States,344257
67,JOURNAL OF INFRASTRUCTURE SYSTEMS,Journal of Infrastructure Systems ,J. Infrastruct. Syst.,Journal,Civil and Structural Engineering (Q2),72,7496,0.65,3.71,American Society of Civil Engineers (ASCE),United States,"10760342, 1943555X"
68,LANDSLIDES,Landslides ,Landslides,Journal,Geotechnical Engineering and Engineering Geology (Q1),89,1345,1.918,6.77,Springer Verlag,Germany,"16125118, 1612510X"
69,GEORISK-ASSESSMENT AND MANAGEMENT OF RISK FOR ENGINEERED SYSTEMS AND GEOHAZARDS,-1,-1,-1,-1,-1,-1,-1.0,-1.0,-1,-1,-1
70,PROCEEDINGS OF THE INSTITUTION OF CIVIL ENGINEERS-BRIDGE ENGINEERING,-1,-1,-1,-1,-1,-1,-1.0,-1.0,-1,-1,-1
71,TRANSACTIONS IN GIS,Transactions in GIS ,Trans. GIS,Journal,Earth and Planetary Sciences (miscellaneous) (Q2),68,7749,0.634,2.61,Wiley-Blackwell Publishing Ltd,United Kingdom,"13611682, 14679671"
72,OCEAN & COASTAL MANAGEMENT,Annual Review of Marine Science ,Annu. Rev. Mar. Sci.,Journal,Oceanography (Q1),104,286,4.801,13.8,Annual Reviews Inc.,United States,"19410611, 19411405"
73,CENTRAL EUROPEAN JOURNAL OF GEOSCIENCES,-1,-1,-1,-1,-1,-1,-1.0,-1.0,-1,-1,-1
74,EUROPEAN JOURNAL OF TRANSPORT AND INFRASTRUCTURE RESEARCH,European Journal of Transport and Infrastructure Research ,Eur. J. Transp. Infrastruct. Res.,Journal,"Geography, Planning and Development (Q2); Urban Studies (Q2); Transportation (Q3)",29,11099,0.444,1.19,Technische Universiteit Delft/Delft University of Technology,Netherlands,15677141
75,IEEE TRANSACTIONS ON INTELLIGENT TRANSPORTATION SYSTEMS,IEEE Transactions on Intelligent Transportation Systems ,IEEE Trans. Intell. Transp. Syst.,Journal,Automotive Engineering (Q1); Computer Science Applications (Q1); Mechanical Engineering (Q1),166,1136,2.111,7.8,Institute of Electrical and Electronics Engineers Inc.,United States,"15580016, 15249050"
76,ARCTIC SCIENCE,Arctic Science ,Arct. Sci.,Journal,Agricultural and Biological Sciences (miscellaneous) (Q1); Earth and Planetary Sciences (miscellaneous) (Q2); Environmental Science (miscellaneous) (Q2),7,8150,0.607,2.51,Canadian Science Publishing,Canada,23687460
77,GEOMATICS NATURAL HAZARDS & RISK,-1,-1,-1,-1,-1,-1,-1.0,-1.0,-1,-1,-1
78,POLISH JOURNAL OF ENVIRONMENTAL STUDIES,Polish Journal of Environmental Studies ,Pol. J. Environ. Stud.,Journal,Environmental Chemistry (Q3); Environmental Science (miscellaneous) (Q3),59,12964,0.364,1.87,HARD,Poland,12301485
79,ENGINEERING JOURNAL-THAILAND,-1,-1,-1,-1,-1,-1,-1.0,-1.0,-1,-1,-1
80,JOURNAL OF CULTURAL HERITAGE,Journal of Cultural Heritage ,J. Cult. Herit.,Journal,"Anthropology (Q1); Archeology (arts and humanities) (Q1); Chemistry (miscellaneous) (Q1); Conservation (Q1); Economics, Econometrics and Finance (miscellaneous) (Q1); History (Q1); Computer Science Applications (Q2); Materials Science (miscellaneous) (Q2); Spectroscopy (Q2)",70,6589,0.722,3.47,Elsevier Masson s.r.l.,France,12962074
81,EARTH SYSTEMS AND ENVIRONMENT,Earth Systems and Environment ,Earth Syst. Environ.,Journal,Computers in Earth Sciences (Q1); Economic Geology (Q1); Environmental Science (miscellaneous) (Q1); Geology (Q1); Global and Planetary Change (Q2),21,2854,1.248,8.2,Springer International Publishing AG,Switzerland,"25099426, 25099434"
82,WATER POLICY,Water Policy ,Water Policy,Journal,"Geography, Planning and Development (Q2); Water Science and Technology (Q2); Management, Monitoring, Policy and Law (Q3)",61,11424,0.43,1.7,IWA Publishing,United Kingdom,13667017
83,SENSORS,Biosensors and Bioelectronics ,Biosens. Bioelectron.,Journal,Biomedical Engineering (Q1); Biophysics (Q1); Biotechnology (Q1); Electrochemistry (Q1); Medicine (miscellaneous) (Q1); Nanoscience and Nanotechnology (Q1),205,1133,2.113,11.44,Elsevier Ltd.,United Kingdom,"18734235, 09565663"
84,NEURAL COMPUTING & APPLICATIONS,Neural Computing and Applications ,Neural Comput. Appl.,Journal,Software (Q1); Artificial Intelligence (Q2),94,3673,1.072,5.6,Springer London,United Kingdom,"09410643, 14333058"
85,JOURNAL OF HYDROINFORMATICS,Journal of Hydroinformatics ,J. Hydroinformatics,Journal,Civil and Structural Engineering (Q2); Geotechnical Engineering and Engineering Geology (Q2); Water Science and Technology (Q2); Atmospheric Science (Q3),54,7978,0.619,2.97,IWA Publishing,United Kingdom,"14647141, 14651734"
86,EURASIP JOURNAL ON WIRELESS COMMUNICATIONS AND NETWORKING,Eurasip Journal on Wireless Communications and Networking ,Eurasip J. Wirel. Commun. Netw.,Journal,Computer Networks and Communications (Q2); Computer Science Applications (Q2); Signal Processing (Q2),67,5418,0.832,3.39,SpringerOpen,United Kingdom,"16871499, 16871472"
87,CATENA,Catena ,Catena,Journal,Earth-Surface Processes (Q1),140,2386,1.391,6.28,Elsevier,Netherlands,3418162
88,GEOSCIENCES,Atmospheric Chemistry and Physics ,Atmos. Chem. Phys.,Journal,Atmospheric Science (Q1),221,818,2.532,6.94,European Geosciences Union,Germany,"16807324, 16807316"
89,CANADIAN WATER RESOURCES JOURNAL,Canadian Water Resources Journal ,Can. Water Resour. J.,Journal,Water Science and Technology (Q2),38,9922,0.505,1.53,Taylor and Francis Ltd.,United Kingdom,7011784
90,PROGRESS IN PHYSICAL GEOGRAPHY-EARTH AND ENVIRONMENT,-1,-1,-1,-1,-1,-1,-1.0,-1.0,-1,-1,-1
91,ECOLOGICAL INDICATORS,Ecological Indicators ,Ecol. Indic.,Journal,"Decision Sciences (miscellaneous) (Q1); Ecology (Q1); Ecology, Evolution, Behavior and Systematics (Q1)",145,2743,1.284,6.26,Elsevier,Netherlands,1470160X
92,JOURNAL OF HYDROLOGIC ENGINEERING,Journal of Hydrologic Engineering - ASCE ,J. Hydrol. Eng. - ASCE,Journal,Civil and Structural Engineering (Q2); Environmental Science (miscellaneous) (Q2); Water Science and Technology (Q2); Environmental Chemistry (Q3),94,8952,0.558,2.09,American Society of Civil Engineers (ASCE),United States,"19435584, 10840699"
93,JOURNAL OF WATER AND CLIMATE CHANGE,Journal of Water and Climate Change ,J. Water Clim. Change,Journal,"Management, Monitoring, Policy and Law (Q2); Water Science and Technology (Q2); Atmospheric Science (Q3); Global and Planetary Change (Q3)",25,10163,0.492,2.67,IWA Publishing,United Kingdom,20402244
94,WATER RESOURCES MANAGEMENT,Water Resources Management ,Water Resour. Manag.,Journal,Civil and Structural Engineering (Q1); Water Science and Technology (Q1),110,4567,0.929,4.09,Springer Netherlands,Netherlands,"09204741, 15731650"
95,BENI-SUEF UNIVERSITY JOURNAL OF BASIC AND APPLIED SCIENCES,Beni-Suef University Journal of Basic and Applied Sciences ,-1,Journal,Agricultural and Biological Sciences (miscellaneous) (Q3); Medicine (miscellaneous) (Q3); Pharmaceutical Science (Q3),7,16294,0.254,2.03,Springer Science and Business Media Deutschland GmbH,Germany,"23148543, 23148535"
96,INTERNATIONAL JOURNAL OF ENGINEERING AND TECHNOLOGY INNOVATION,International Journal of Engineering and Technology Innovation ,Int. J. Eng. Technol. Innov.,Journal,Civil and Structural Engineering (Q4); Electrical and Electronic Engineering (Q4); Mechanical Engineering (Q4); Mechanics of Materials (Q4),10,18310,0.205,1.25,Taiwan Association of Engineering and Technology Innovation,Taiwan,"2226809X, 22235329"
97,CLIMATIC CHANGE,Climatic Change ,Clim. Change,Journal,Atmospheric Science (Q1); Global and Planetary Change (Q1),198,2513,1.357,4.59,Springer Netherlands,Netherlands,"15731480, 01650009"
98,FRATTURA ED INTEGRITA STRUTTURALE,Frattura ed Integrita Strutturale ,Frat. Integrita Strutt.,Journal,Civil and Structural Engineering (Q2); Mechanical Engineering (Q2); Mechanics of Materials (Q2),22,10267,0.486,1.53,Gruppo Italiano Frattura,Italy,19718993
99,JOURNAL OF APPLIED METEOROLOGY AND CLIMATOLOGY,Journal of Applied Meteorology and Climatology ,J. Appl. Meteorol. Climatol.,Journal,Atmospheric Science (Q2),142,2876,1.242,3.21,American Meteorological Society,United States,15588424
100,ISPRS JOURNAL OF PHOTOGRAMMETRY AND REMOTE SENSING,ISPRS Journal of Photogrammetry and Remote Sensing ,ISPRS J. Photogramm. Remote Sens.,Journal,"Atomic and Molecular Physics, and Optics (Q1); Computer Science Applications (Q1); Computers in Earth Sciences (Q1); Engineering (miscellaneous) (Q1); Geography, Planning and Development (Q1)",155,468,3.481,11.91,Elsevier,Netherlands,9242716
101,AD HOC NETWORKS,Ad Hoc Networks ,Ad Hoc Netw.,Journal,Computer Networks and Communications (Q1); Hardware and Architecture (Q1); Software (Q1),98,2369,1.397,5.85,Elsevier,Netherlands,15708705
102,HYDROLOGICAL PROCESSES,Hydrological Processes ,Hydrol. Process.,Journal,Water Science and Technology (Q1),169,4013,1.014,3.55,John Wiley and Sons Ltd,United Kingdom,"10991085, 08856087"
103,GLOBAL AND PLANETARY CHANGE,Nature Sustainability ,Nat. Sustain.,Journal,"Ecology (Q1); Food Science (Q1); Geography, Planning and Development (Q1); Global and Planetary Change (Q1); Management, Monitoring, Policy and Law (Q1); Nature and Landscape Conservation (Q1); Renewable Energy, Sustainability and the Environment (Q1); Urban Studies (Q1)",62,202,5.789,16.22,Nature Publishing Group,United Kingdom,23989629
104,ENVIRONMENTAL MANAGEMENT,Corporate Social Responsibility and Environmental Management ,Corp. Soc. Responsib. Environ. Manag.,Journal,"Development (Q1); Management, Monitoring, Policy and Law (Q1); Strategy and Management (Q1)",82,1310,1.945,9.25,John Wiley and Sons Ltd,United Kingdom,"15353958, 15353966"
105,ADVANCES IN METEOROLOGY,Advances in Meteorology ,Adv. Meteorol.,Journal,Geophysics (Q2); Pollution (Q2); Atmospheric Science (Q3),38,9769,0.512,2.06,Hindawi Limited,Egypt,"16879317, 16879309"
106,JOURNAL OF ENVIRONMENTAL ENGINEERING,"Journal of Environmental Engineering, ASCE ",J. Environ. Eng. ASCE,Journal,Civil and Structural Engineering (Q2); Environmental Engineering (Q2); Environmental Science (miscellaneous) (Q2); Environmental Chemistry (Q3),98,10902,0.455,2.22,American Society of Civil Engineers (ASCE),United States,"07339372, 19437870"
107,POWDER TECHNOLOGY,Powder Technology ,Powder Technol.,Journal,Chemical Engineering (miscellaneous) (Q1),148,4130,0.999,5.53,Elsevier,Netherlands,"1873328X, 00325910"
108,JOURNAL OF TRANSPORT GEOGRAPHY,Journal of Transport Geography ,J. Transp. Geogr.,Journal,"Environmental Science (miscellaneous) (Q1); Geography, Planning and Development (Q1); Transportation (Q1)",118,1420,1.854,6.02,Elsevier BV,United Kingdom,9666923
109,JOURNAL OF CLEANER PRODUCTION,Journal of Cleaner Production ,J. Clean. Prod.,Journal,"Environmental Science (miscellaneous) (Q1); Industrial and Manufacturing Engineering (Q1); Renewable Energy, Sustainability and the Environment (Q1); Strategy and Management (Q1)",232,1338,1.921,10.96,Elsevier Ltd.,United Kingdom,"09596526, 18791786"
110,COMPLEXITY,Computational Complexity ,Comput. Complex.,Journal,Computational Mathematics (Q1); Computational Theory and Mathematics (Q1); Mathematics (miscellaneous) (Q1); Theoretical Computer Science (Q1),38,1519,1.788,1.12,Birkhauser Verlag Basel,Switzerland,"14208954, 10163328"
111,ELECTRONICS,Proceedings of the IEEE International Conference on Computer Vision ,Proc. IEEE Int. Conf. Comput. Vis.,Conference and proceedings,Computer Vision and Pattern Recognition; Software,280,9,23.032,21.94,Institute of Electrical and Electronics Engineers Inc.,United States,15505499
112,COMPLEX & INTELLIGENT SYSTEMS,Computational Complexity ,Comput. Complex.,Journal,Computational Mathematics (Q1); Computational Theory and Mathematics (Q1); Mathematics (miscellaneous) (Q1); Theoretical Computer Science (Q1),38,1519,1.788,1.12,Birkhauser Verlag Basel,Switzerland,"14208954, 10163328"
113,APPLIED GEOGRAPHY,Applied Geography ,Appl. Geogr.,Journal,"Environmental Science (miscellaneous) (Q1); Forestry (Q1); Geography, Planning and Development (Q1); Tourism, Leisure and Hospitality Management (Q1)",108,3188,1.169,5.04,Elsevier BV,Netherlands,1436228
114,JOURNAL OF AFRICAN EARTH SCIENCES,Journal of African Earth Sciences ,J. Afr. Earth Sci.,Journal,Earth-Surface Processes (Q2); Geology (Q2),83,8509,0.584,2.42,Elsevier Ltd.,United Kingdom,1464343X
115,JOURNAL OF PERFORMANCE OF CONSTRUCTED FACILITIES,Journal of Performance of Constructed Facilities ,J. Perform. Constr. Facil.,Journal,"Building and Construction (Q2); Civil and Structural Engineering (Q2); Safety, Risk, Reliability and Quality (Q2)",59,6908,0.696,2.44,American Society of Civil Engineers (ASCE),United States,"19435509, 08873828"
116,ELECTRIC POWER SYSTEMS RESEARCH,Electric Power Systems Research ,Electr. Power Syst. Res.,Journal,Electrical and Electronic Engineering (Q1); Energy Engineering and Power Technology (Q1),130,3471,1.109,4.39,Elsevier BV,Netherlands,3787796
117,STOCHASTIC ENVIRONMENTAL RESEARCH AND RISK ASSESSMENT,Stochastic Environmental Research and Risk Assessment ,Stoch. Environ. Res. Risk Assess.,Journal,"Environmental Science (miscellaneous) (Q1); Water Science and Technology (Q1); Environmental Chemistry (Q2); Environmental Engineering (Q2); Safety, Risk, Reliability and Quality (Q2)",73,6032,0.773,3.97,Springer New York,United States,"14363259, 14363240"
118,REMOTE SENSING LETTERS,IEEE Geoscience and Remote Sensing Letters ,IEEE Geosci. Remote Sens. Lett.,Journal,Electrical and Electronic Engineering (Q1); Geotechnical Engineering and Engineering Geology (Q1),125,2348,1.403,4.64,Institute of Electrical and Electronics Engineers Inc.,United States,1545598X
119,KNOWLEDGE AND INFORMATION SYSTEMS,Knowledge and Information Systems ,Knowl. Inf. Syst.,Journal,Information Systems (Q1); Artificial Intelligence (Q2); Hardware and Architecture (Q2); Human-Computer Interaction (Q2); Software (Q2),78,4186,0.988,3.06,Springer London,United Kingdom,"02191377, 02193116"
120,JOURNAL OF HYDROLOGY X,Journal of Hydrology X ,J. Hydrol. X,Journal,Water Science and Technology (Q1),11,2043,1.524,5.24,Elsevier BV,Netherlands,25899155
121,TECHNOLOGIES,Transportation Research Part C: Emerging Technologies ,Transp. Res. C: Emerg. Technol.,Journal,Automotive Engineering (Q1); Civil and Structural Engineering (Q1); Computer Science Applications (Q1); Management Science and Operations Research (Q1); Transportation (Q1),147,531,3.211,9.69,Elsevier Ltd.,United Kingdom,0968090X
122,GEOMORPHOLOGY,Geomorphology ,Geomorphology,Journal,Earth-Surface Processes (Q1),171,3031,1.207,4.35,Elsevier,Netherlands,"0169555X, 1872695X"
123,JOURNAL OF NETWORK AND COMPUTER APPLICATIONS,Journal of Network and Computer Applications ,J. Netw. Comput. Appl.,Journal,Computer Networks and Communications (Q1); Computer Science Applications (Q1); Hardware and Architecture (Q1),115,1075,2.193,9.29,Academic Press Inc.,United States,"10958592, 10848045"
124,ADVANCES IN WATER RESOURCES,Advances in Water Resources ,Adv. Water Resour.,Journal,Water Science and Technology (Q1),145,2670,1.304,5.22,Elsevier Ltd.,United Kingdom,3091708
125,REMOTE SENSING OF ENVIRONMENT,Remote Sensing of Environment ,Remote Sens. Environ.,Journal,Computers in Earth Sciences (Q1); Geology (Q1); Soil Science (Q1),303,405,3.862,13.63,Elsevier Inc.,United States,344257
126,FUEL,Nature Energy ,Nat. Energy,Journal,"Electronic, Optical and Magnetic Materials (Q1); Energy Engineering and Power Technology (Q1); Fuel Technology (Q1); Renewable Energy, Sustainability and the Environment (Q1)",160,22,16.736,25.73,Springer Nature,United States,20587546
127,HYDROLOGY AND EARTH SYSTEM SCIENCES,Hydrology and Earth System Sciences ,Hydrol. Earth Syst. Sci.,Journal,Earth and Planetary Sciences (miscellaneous) (Q1); Water Science and Technology (Q1),147,1528,1.783,5.77,European Geosciences Union,Germany,"10275606, 16077938"
128,WATER SCIENCE AND TECHNOLOGY,Advances in Optics and Photonics ,Adv. Opt. Photonics,Journal,"Atomic and Molecular Physics, and Optics (Q1); Water Science and Technology (Q1)",73,127,7.473,20.41,The Optical Society,United States,19438206
129,LANDSCAPE AND URBAN PLANNING,Landscape and Urban Planning ,Landsc. Urban Plan.,Journal,"Ecology (Q1); Management, Monitoring, Policy and Law (Q1); Nature and Landscape Conservation (Q1); Urban Studies (Q1)",178,1360,1.908,8.08,Elsevier,Netherlands,1692046
130,ENVIRONMENTAL SCIENCES EUROPE,Environmental Sciences Europe ,Environ. Sci. Eur.,Journal,Pollution (Q1),39,3224,1.161,4.65,Springer Verlag,Germany,"21904707, 21904715"
131,BULLETIN OF THE TOMSK POLYTECHNIC UNIVERSITY-GEO ASSETS ENGINEERING,-1,-1,-1,-1,-1,-1,-1.0,-1.0,-1,-1,-1
132,CITY AND ENVIRONMENT INTERACTIONS,City and Environment Interactions ,-1,Journal,"Urban Studies (Q1); Environmental Science (miscellaneous) (Q2); Geography, Planning and Development (Q2); Management, Monitoring, Policy and Law (Q2)",6,8619,0.577,3.67,Elsevier BV,Netherlands,25902520
133,ENVIRONMENTAL GEOLOGY,Economic and Environmental Geology ,Econ. Environ. Geol.,Journal,Economic Geology (Q4); Environmental Science (miscellaneous) (Q4); Geology (Q4),5,19195,0.187,0.42,The Korean Society of Economic and Environmental Geology,South Korea,"22887962, 12257281"
134,JOURNAL OF HYDROMETEOROLOGY,Journal of Hydrometeorology ,J. Hydrometeorol.,Journal,Atmospheric Science (Q1),131,2124,1.485,4.17,American Meteorological Society,United States,"1525755X, 15257541"
135,ENGINEERING GEOLOGY,Shiyou Kantan Yu Kaifa/Petroleum Exploration and Development ,Shiyou Kantan Yu Kaifa/Pet. Explor. Dev.,Journal,Energy Engineering and Power Technology (Q1); Geology (Q1); Geotechnical Engineering and Engineering Geology (Q1),57,860,2.465,4.7,Science Press,China,10000747
136,WATER RESOURCES RESEARCH,Water Resources Research ,Water Resour. Res.,Journal,Water Science and Technology (Q1),231,1530,1.783,5.71,Wiley-Blackwell,United States,"19447973, 00431397"
137,GLOBAL ENVIRONMENTAL CHANGE-HUMAN AND POLICY DIMENSIONS,-1,-1,-1,-1,-1,-1,-1.0,-1.0,-1,-1,-1
138,BULLETIN DE LA SOCIETE GEOLOGIQUE DE FRANCE,-1,-1,-1,-1,-1,-1,-1.0,-1.0,-1,-1,-1
139,WATER RESEARCH,Water Research ,Water Res.,Journal,Civil and Structural Engineering (Q1); Ecological Modeling (Q1); Environmental Engineering (Q1); Pollution (Q1); Waste Management and Disposal (Q1); Water Science and Technology (Q1),327,668,2.806,11.67,Elsevier Ltd.,United Kingdom,"00431354, 18792448"
140,INTERNATIONAL JOURNAL OF WILDLAND FIRE,International Journal of Wildland Fire ,Int. J. Wildland Fire,Journal,Ecology (Q1); Forestry (Q1),93,5268,0.847,3.25,CSIRO,Australia,"14485516, 10498001"
141,INTERNATIONAL JOURNAL OF MATHEMATICAL ENGINEERING AND MANAGEMENT SCIENCES,-1,-1,-1,-1,-1,-1,-1.0,-1.0,-1,-1,-1
142,ECONOMIC EVALUATION OF CLIMATE CHANGE IMPACTS: DEVELOPMENT OF A CROSS-SECTORAL FRAMEWORK AND RESULTS FOR AUSTRIA,-1,-1,-1,-1,-1,-1,-1.0,-1.0,-1,-1,-1
143,JOURNAL OF THE INDIAN SOCIETY OF REMOTE SENSING,Journal of the Indian Society of Remote Sensing ,J. Indian Soc. Remote Sens.,Journal,"Earth and Planetary Sciences (miscellaneous) (Q2); Geography, Planning and Development (Q2)",44,11970,0.405,2.27,Springer India,India,"09743006, 0255660X"
144,JOURNAL OF VIBRATION AND CONTROL,JVC/Journal of Vibration and Control ,JVC/J. Vib. Control,Journal,Aerospace Engineering (Q1); Automotive Engineering (Q1); Mechanical Engineering (Q1); Mechanics of Materials (Q1); Materials Science (miscellaneous) (Q2),73,5996,0.775,3.54,SAGE Publications Inc.,United States,"10775463, 17412986"
145,IEEE LATIN AMERICA TRANSACTIONS,IEEE Latin America Transactions ,IEEE Lat. Am. Trans.,Journal,Computer Science (miscellaneous) (Q3); Electrical and Electronic Engineering (Q3),29,13892,0.33,1.11,IEEE Computer Society,United States,15480992
146,SCIENTIFIC REPORTS,Scientific Reports ,Sci. Rep.,Journal,Multidisciplinary (Q1),242,4084,1.005,4.54,Nature Publishing Group,United Kingdom,20452322
147,INTERNATIONAL JOURNAL OF SPATIAL DATA INFRASTRUCTURES RESEARCH,-1,-1,-1,-1,-1,-1,-1.0,-1.0,-1,-1,-1
148,OPTICS EXPRESS,Optics Express ,Opt. Express,Journal,"Atomic and Molecular Physics, and Optics (Q1)",281,2917,1.233,4.12,The Optical Society,United States,10944087
149,BIOLOGICAL CONSERVATION,Biological Conservation ,Biol. Conserv.,Journal,"Ecology, Evolution, Behavior and Systematics (Q1); Nature and Landscape Conservation (Q1)",213,1112,2.14,7.14,Elsevier BV,Netherlands,63207
150,ENVIRONMENT DEVELOPMENT AND SUSTAINABILITY,-1,-1,-1,-1,-1,-1,-1.0,-1.0,-1,-1,-1
151,SMART STRUCTURES AND SYSTEMS,Smart Structures and Systems ,Smart Struct. Syst.,Journal,Computer Science Applications (Q2); Control and Systems Engineering (Q2); Electrical and Electronic Engineering (Q2),54,7115,0.681,4.26,Techno Press,South Korea,"17381584, 17381991"
152,ENVIRONMENTAL RESEARCH COMMUNICATIONS,Environmental Research Communications ,-1,Journal,Agricultural and Biological Sciences (miscellaneous) (Q1); Earth-Surface Processes (Q1); Environmental Science (miscellaneous) (Q1); Food Science (Q1); Geology (Q1); Atmospheric Science (Q2),13,5397,0.834,3.13,IOP Publishing Ltd.,United Kingdom,25157620
153,JOURNAL OF GEOPHYSICAL RESEARCH-SOLID EARTH,-1,-1,-1,-1,-1,-1,-1.0,-1.0,-1,-1,-1
154,CLIMATE OF THE PAST,Climate of the Past ,Clim. Past,Journal,Global and Planetary Change (Q1); Paleontology (Q1); Stratigraphy (Q1),82,1403,1.87,4.3,European Geosciences Union,Germany,"18149332, 18149324"
155,ATMOSPHERIC RESEARCH,Atmospheric Research ,Atmos. Res.,Journal,Atmospheric Science (Q1),114,2407,1.386,5.87,Elsevier BV,Netherlands,1698095
156,JOURNAL OF ROCK MECHANICS AND GEOTECHNICAL ENGINEERING,Journal of Rock Mechanics and Geotechnical Engineering ,J. Rock Mech. Geotech. Eng.,Journal,Geotechnical Engineering and Engineering Geology (Q1),55,2034,1.528,6.32,Chinese Academy of Sciences,China,16747755
157,RENDICONTI ONLINE SOCIETA GEOLOGICA ITALIANA,Rendiconti Online Societa Geologica Italiana ,Rend. Online Soc. Geol. Ital.,Journal,Geology (Q4),18,19018,0.191,0.66,Societa Geologica Italiana,Italy,20358008
158,CITIES,Sustainable Cities and Society ,Sustain. Cities Soc.,Journal,"Civil and Structural Engineering (Q1); Geography, Planning and Development (Q1); Renewable Energy, Sustainability and the Environment (Q1); Transportation (Q1)",82,1229,2.015,11.03,Elsevier BV,Netherlands,22106707
159,LAND USE POLICY,Land Use Policy ,Land Use Policy,Journal,"Forestry (Q1); Geography, Planning and Development (Q1); Management, Monitoring, Policy and Law (Q1); Nature and Landscape Conservation (Q1)",125,1810,1.635,6.4,Elsevier Ltd.,United Kingdom,2648377
160,APPLIED GEOCHEMISTRY,Applied Geochemistry ,Appl. Geochem.,Journal,Environmental Chemistry (Q2); Geochemistry and Petrology (Q2); Pollution (Q2),138,5445,0.829,3.61,Elsevier Ltd.,United Kingdom,8832927
161,QUARTERLY JOURNAL OF THE ROYAL METEOROLOGICAL SOCIETY,Quarterly Journal of the Royal Meteorological Society ,Q. J. R. Meteorol. Soc.,Journal,Atmospheric Science (Q1),150,613,2.922,7.36,Wiley-Blackwell,United States,"1477870X, 00359009"
162,AGRICULTURAL WATER MANAGEMENT,Agricultural Water Management ,Agric. Water Manag.,Journal,Agronomy and Crop Science (Q1); Earth-Surface Processes (Q1); Soil Science (Q1); Water Science and Technology (Q1),139,2108,1.491,6.53,Elsevier,Netherlands,3783774
163,JOURNAL OF ENVIRONMENTAL SCIENCES,Journal of Environmental Sciences ,J. Environ. Sci.,Journal,Environmental Chemistry (Q1); Environmental Engineering (Q1); Environmental Science (miscellaneous) (Q1); Medicine (miscellaneous) (Q1),109,3040,1.205,6.4,Chinese Academy of Sciences,China,"10010742, 18787320"
164,ECOLOGICAL ENGINEERING,Ecological Engineering ,Ecol. Eng.,Journal,"Environmental Engineering (Q1); Management, Monitoring, Policy and Law (Q1); Nature and Landscape Conservation (Q1)",138,4006,1.015,4.29,Elsevier,Netherlands,9258574
165,JOURNAL OF GEOVISUALIZATION AND SPATIAL ANALYSIS,Journal of Geovisualization and Spatial Analysis ,-1,Journal,"Computers in Earth Sciences (Q1); Earth and Planetary Sciences (miscellaneous) (Q1); Geography, Planning and Development (Q1)",15,4000,1.016,4.38,Springer Nature Switzerland AG,Switzerland,25098829
166,REGIONAL ENVIRONMENTAL CHANGE,Regional Environmental Change ,Reg. Environ. Change,Journal,Global and Planetary Change (Q2),72,3297,1.143,4.4,Springer Verlag,Germany,14363798
167,ENERGY & FUELS,Nature Reviews Materials ,Nat. Rev. Mater.,Journal,"Biomaterials (Q1); Electronic, Optical and Magnetic Materials (Q1); Energy (miscellaneous) (Q1); Materials Chemistry (Q1); Surfaces, Coatings and Films (Q1)",131,8,23.876,41.92,Nature Publishing Group,United Kingdom,20588437
168,THEORETICAL AND APPLIED CLIMATOLOGY,Theoretical and Applied Climatology ,Theor. Appl. Climatol.,Journal,Atmospheric Science (Q2),102,6004,0.775,3.33,Springer-Verlag Wien,Austria,"14344483, 0177798X"
169,CURRENT SCIENCE,Current HIV/AIDS Reports ,Curr. HIV/AIDS Rep.,Journal,Infectious Diseases (Q1); Virology (Q1),62,1140,2.103,4.92,"Current Science, Inc.",United States,"15483568, 15483576"
170,ACTA MECHANICA SINICA,Acta Mechanica Sinica/Lixue Xuebao ,Acta Mech. Sin./Lixue Xuebao,Journal,Computational Mechanics (Q2); Mechanical Engineering (Q2),51,8241,0.6,2.79,Springer Verlag,Germany,"16143116, 05677718"
171,WATER AIR AND SOIL POLLUTION,-1,-1,-1,-1,-1,-1,-1.0,-1.0,-1,-1,-1
172,REVISTA MEXICANA DE CIENCIAS GEOLOGICAS,Revista Mexicana de Ciencias Geologicas ,Rev. Mex. Cienc. Geol.,Journal,Geology (Q3),38,15744,0.271,0.95,Universidad Nacional Autonoma de Mexico,Mexico,10268774
173,INFRASTRUCTURES,Infrastructures ,Infrastructures,Journal,Building and Construction (Q2); Civil and Structural Engineering (Q2); Computer Science Applications (Q2); Geotechnical Engineering and Engineering Geology (Q2); Materials Science (miscellaneous) (Q2),17,9699,0.516,2.98,Multidisciplinary Digital Publishing Institute (MDPI),Switzerland,24123811
174,INTERNATIONAL JOURNAL OF REMOTE SENSING,International Journal of Remote Sensing ,Int. J. Remote Sens.,Journal,Earth and Planetary Sciences (miscellaneous) (Q1),185,5028,0.873,3.58,Taylor and Francis Ltd.,United Kingdom,"13665901, 01431161"
175,IEEE JOURNAL OF SELECTED TOPICS IN APPLIED EARTH OBSERVATIONS AND REMOTE SENSING,IEEE Journal of Selected Topics in Applied Earth Observations and Remote Sensing ,IEEE J. Sel. Top. Appl. Earth Obs. Remote Sens.,Journal,Atmospheric Science (Q1); Computers in Earth Sciences (Q1),101,2570,1.335,4.63,Institute of Electrical and Electronics Engineers Inc.,United States,"21511535, 19391404"
176,GEOPHYSICAL RESEARCH LETTERS,Geophysical Research Letters ,Geophys. Res. Lett.,Journal,Earth and Planetary Sciences (miscellaneous) (Q1); Geophysics (Q1),291,1416,1.857,5.38,Wiley-Blackwell,United States,948276
177,ATMOSFERA,Atmosfera ,Atmosfera,Journal,Atmospheric Science (Q3),33,11980,0.404,1.77,Universidad Nacional Autonoma de Mexico,Mexico,1876236
178,WEATHER AND CLIMATE EXTREMES,Weather and Climate Extremes ,Weather Clim. Extrem.,Journal,"Atmospheric Science (Q1); Geography, Planning and Development (Q1); Management, Monitoring, Policy and Law (Q1)",43,1427,1.849,7.51,Elsevier BV,Netherlands,22120947
179,HYDROLOGICAL SCIENCES JOURNAL,Hydrological Sciences Journal ,Hydrol. Sci. J.,Journal,Water Science and Technology (Q1),106,4263,0.973,3.83,Taylor and Francis Ltd.,United Kingdom,2626667
180,BLUE-GREEN SYSTEMS,-1,-1,-1,-1,-1,-1,-1.0,-1.0,-1,-1,-1
181,JOURNAL OF WATER AND HEALTH,Journal of Water and Health ,J. Water Health,Journal,"Waste Management and Disposal (Q2); Water Science and Technology (Q2); Infectious Diseases (Q3); Microbiology (medical) (Q3); Public Health, Environmental and Occupational Health (Q3)",62,10506,0.475,2.25,IWA Publishing,United Kingdom,14778920
182,ENVIRONMENT AND URBANIZATION ASIA,Environment and Urbanization ASIA ,Environ. Urban. ASIA,Journal,Urban Studies (Q2),17,10879,0.456,1.53,SAGE Publications Inc.,United States,"09763546, 09754253"
183,APPLIED WATER SCIENCE,Applied Water Science ,-1,Journal,Water Science and Technology (Q2),9,8550,0.581,4.44,Springer Science and Business Media Deutschland GmbH,Germany,"21905495, 21905487"
184,ARABIAN JOURNAL OF GEOSCIENCES,Arabian Journal of Geosciences ,Arab. J. Geosci.,Journal,Earth and Planetary Sciences (miscellaneous) (Q2); Environmental Science (miscellaneous) (Q2),58,11940,0.406,2.01,Springer Verlag,Germany,"18667538, 18667511"
185,CLIMATE RESEARCH,Climate Research ,Clim. Res.,Journal,Environmental Science (miscellaneous) (Q2); Atmospheric Science (Q3); Environmental Chemistry (Q3),112,10067,0.497,1.53,Inter-Research,Germany,"16161572, 0936577X"
186,ECOSYSTEMS,"Agriculture, Ecosystems and Environment ",Agric. Ecosyst. Environ.,Journal,Agronomy and Crop Science (Q1); Animal Science and Zoology (Q1); Ecology (Q1),186,1757,1.664,6.26,Elsevier,Netherlands,1678809
187,JOURNAL OF MULTIDISCIPLINARY HEALTHCARE,Journal of Multidisciplinary Healthcare ,J. Multidiscip. Healthc.,Journal,Nursing (miscellaneous) (Q1); Medicine (miscellaneous) (Q2),37,7853,0.626,2.78,Dove Medical Press Ltd.,New Zealand,11782390
188,GEOMECHANICS AND ENGINEERING,Geomechanics and Engineering ,Geomech. Eng.,Journal,Civil and Structural Engineering (Q2); Geotechnical Engineering and Engineering Geology (Q2),36,7388,0.657,3.28,Techno Press,South Korea,"20926219, 2005307X"
189,PHYSICS AND CHEMISTRY OF THE EARTH,Physics and Chemistry of the Earth ,Phys. Chem. Earth,Journal,Geochemistry and Petrology (Q2); Geophysics (Q2),86,7172,0.676,3.58,Elsevier Ltd.,United Kingdom,14747065
190,ENVIRONMENT INTERNATIONAL,Environment international ,Environ. Int.,Journal,Environmental Science (miscellaneous) (Q1),210,689,2.757,12.25,Elsevier Ltd.,United Kingdom,"18736750, 01604120"
191,BULLETIN OF THE AMERICAN METEOROLOGICAL SOCIETY,Bulletin of the American Meteorological Society ,Bull. Am. Meteorol. Soc.,Journal,Atmospheric Science (Q1),208,856,2.471,5.5,American Meteorological Society,United States,"15200477, 00030007"
192,BLOOD ADVANCES,Blood advances ,Blood adv.,Journal,Hematology (Q1),52,673,2.795,6.5,Elsevier BV,United States,"24739529, 24739537"
193,JOURNAL OF GEOPHYSICAL RESEARCH-OCEANS,-1,-1,-1,-1,-1,-1,-1.0,-1.0,-1,-1,-1
194,SOLID EARTH,Journal of Geophysical Research: Solid Earth ,J. Geophys. Res.: Solid Earth,Journal,Earth and Planetary Sciences (miscellaneous) (Q1); Geochemistry and Petrology (Q1); Geophysics (Q1); Space and Planetary Science (Q1),246,1549,1.773,4.3,Wiley-Blackwell,United States,"21699356, 21699313"
195,JOURNAL OF GEODESY,Journal of Geodesy ,J. Geod.,Journal,Computers in Earth Sciences (Q1); Geochemistry and Petrology (Q1); Geophysics (Q1),102,1634,1.725,4.9,Springer Verlag,Germany,"14321394, 09497714"
196,JOURNAL OF MOUNTAIN SCIENCE,Journal of Mountain Science ,J. Mt. Sci.,Journal,"Earth-Surface Processes (Q2); Geography, Planning and Development (Q2); Geology (Q2); Nature and Landscape Conservation (Q2); Global and Planetary Change (Q3)",41,9108,0.55,2.46,Science Press,China,"19930321, 16726316"
197,INTERNATIONAL JOURNAL OF SEDIMENT RESEARCH,International Journal of Sediment Research ,Int. J. Sediment Res.,Journal,Geology (Q2); Stratigraphy (Q2),41,7140,0.679,3.21,Elsevier BV,Netherlands,10016279
198,STRUCTURAL ENGINEERING AND MECHANICS,Structural Engineering and Mechanics ,Struct. Eng. Mech.,Journal,Building and Construction (Q2); Civil and Structural Engineering (Q2); Mechanical Engineering (Q2); Mechanics of Materials (Q2),62,9127,0.549,2.92,Techno Press,South Korea,"12254568, 15986217"
199,AQUACULTURE,Reviews in Aquaculture ,Rev. Aquac.,Journal,"Aquatic Science (Q1); Ecology (Q1); Management, Monitoring, Policy and Law (Q1)",60,1265,1.987,10.44,Blackwell Publishing Asia,Australia,"17535131, 17535123"
200,RENEWABLE ENERGY,Nature Energy ,Nat. Energy,Journal,"Electronic, Optical and Magnetic Materials (Q1); Energy Engineering and Power Technology (Q1); Fuel Technology (Q1); Renewable Energy, Sustainability and the Environment (Q1)",160,22,16.736,25.73,Springer Nature,United States,20587546
201,SURVEYS IN GEOPHYSICS,Surveys in Geophysics ,Surv. Geophys.,Journal,Geochemistry and Petrology (Q1); Geophysics (Q1),85,1299,1.956,7.12,Springer Netherlands,Netherlands,"15730956, 01693298"
202,JOURNAL OF PAIN AND SYMPTOM MANAGEMENT,Journal of Pain and Symptom Management ,J. Pain Symptom Manag.,Journal,Anesthesiology and Pain Medicine (Q1); Neurology (clinical) (Q1); Nursing (miscellaneous) (Q1),147,2036,1.527,4.36,Elsevier Inc.,United States,"18736513, 08853924"
203,COLD REGIONS SCIENCE AND TECHNOLOGY,Cold Regions Science and Technology ,Cold Reg. Sci. Technol.,Journal,Earth and Planetary Sciences (miscellaneous) (Q1); Geotechnical Engineering and Engineering Geology (Q1),82,2461,1.369,4.56,Elsevier,Netherlands,"18727441, 0165232X"
204,JOURNAL OF MARINE SCIENCE AND TECHNOLOGY-TAIWAN,-1,-1,-1,-1,-1,-1,-1.0,-1.0,-1,-1,-1
205,LANCET,"Lancet, The ",Lancet The,Journal,Medicine (miscellaneous) (Q1),807,26,15.652,22.23,Elsevier Ltd.,United Kingdom,"01406736, 1474547X"
206,MONTHLY NOTICES OF THE ROYAL ASTRONOMICAL SOCIETY,Monthly Notices of the Royal Astronomical Society: Letters ,Mon. Not. R. Astron. Soc.: Lett.,Journal,Astronomy and Astrophysics (Q1); Space and Planetary Science (Q1),105,1670,1.705,4.42,Oxford University Press,United Kingdom,"17453925, 17453933"
207,Qinghua Daxue Xuebao/Journal of Tsinghua University,Qinghua Daxue Xuebao/Journal of Tsinghua University ,Qinghua Daxue Xuebao/J. Tsinghua Univ.,Journal,Engineering (miscellaneous) (Q3); Applied Mathematics (Q4); Computer Science Applications (Q4),34,17650,0.22,0.96,Tsinghua University Press,China,10000054
208,Transportation Research Part D: Transport and Environment,-1,-1,-1,-1,-1,-1,-1.0,-1.0,-1,-1,-1
209,Water (Switzerland),Water (Switzerland) ,Water (Switz.),Journal,"Aquatic Science (Q1); Geography, Planning and Development (Q1); Water Science and Technology (Q1); Biochemistry (Q2)",69,6658,0.716,3.47,Multidisciplinary Digital Publishing Institute (MDPI),Switzerland,20734441
210,Reliability Engineering and System Safety,Reliability Engineering and System Safety ,Reliab. Eng. Syst. Saf.,Journal,"Applied Mathematics (Q1); Industrial and Manufacturing Engineering (Q1); Safety, Risk, Reliability and Quality (Q1)",157,1462,1.824,7.1,Elsevier Ltd.,United Kingdom,"18790836, 09518320"
211,Proceedings of the International Conference on Natural Hazards and Infrastructure,-1,-1,-1,-1,-1,-1,-1.0,-1.0,-1,-1,-1
212,Proceedings of the 9th Academic Conference of Geology Resource Management and Sustainable Development,-1,-1,-1,-1,-1,-1,-1.0,-1.0,-1,-1,-1
213,Proceedings of the Institution of Civil Engineers: Bridge Engineering,Proceedings of the Institution of Civil Engineers: Bridge Engineering ,Proc. Inst. Civ. Eng.: Bridge Eng.,Journal,Building and Construction (Q3); Civil and Structural Engineering (Q4),21,17689,0.219,0.8,Thomas Telford Services Ltd.,United Kingdom,"17517664, 14784637"
214,Malaysian Construction Research Journal,Malaysian Construction Research Journal ,Malays. Constr. Res. J.,Journal,Building and Construction (Q4),11,21859,0.139,0.17,Construction Research Institute of Malaysia,Malaysia,"19853807, 25904140"
215,IOP Conference Series: Earth and Environmental Science,IOP Conference Series: Earth and Environmental Science ,IOP Conf. Ser.: Earth Environ. Sci.,Conference and proceedings,Earth and Planetary Sciences (miscellaneous); Environmental Science (miscellaneous); Physics and Astronomy (miscellaneous),34,18448,0.202,0.45,IOP Publishing Ltd.,United Kingdom,"17551315, 17551307"
216,Nongye Gongcheng Xuebao/Transactions of the Chinese Society of Agricultural Engineering,Nongye Gongcheng Xuebao/Transactions of the Chinese Society of Agricultural Engineering ,Nongye Gongcheng Xuebao/Trans. Chin. Soc. Agric. Eng.,Journal,Agricultural and Biological Sciences (miscellaneous) (Q2); Mechanical Engineering (Q2),54,11997,0.404,1.71,Chinese Society of Agricultural Engineering,China,10026819
217,Ocean and Coastal Management,Ocean and Coastal Management ,Ocean Coast. Manag.,Journal,"Aquatic Science (Q1); Management, Monitoring, Policy and Law (Q1); Oceanography (Q1)",90,4298,0.969,4.33,Elsevier BV,United Kingdom,9645691
218,Frontiers in Earth Science,Frontiers in Earth Science ,Front. Earth Sci.,Journal,Earth and Planetary Sciences (miscellaneous) (Q1),35,3935,1.027,3.34,Frontiers Media S.A.,Switzerland,22966463
219,"Proceedings of the 31st European Safety and Reliability Conference, ESREL 2021",-1,-1,-1,-1,-1,-1,-1.0,-1.0,-1,-1,-1
220,Computing in Civil Engineering 2021 - Selected Papers from the ASCE International Conference on Computing in Civil Engineering 2021,-1,-1,-1,-1,-1,-1,-1.0,-1.0,-1,-1,-1
221,Scientific World Journal,"Scientific World Journal, The ",Sci. World J. The,Journal,"Environmental Science (miscellaneous) (Q2); Biochemistry, Genetics and Molecular Biology (miscellaneous) (Q3); Medicine (miscellaneous) (Q3)",103,12139,0.398,2.29,Hindawi Limited,Egypt,"23566140, 1537744X"
222,Proceedings of the Pakistan Academy of Sciences: Part A,Proceedings of the Pakistan Academy of Sciences: Part A ,Proc. Pak. Acad. Sci.: A,Journal,Computer Science (miscellaneous) (Q4); Materials Science (miscellaneous) (Q4); Physics and Astronomy (miscellaneous) (Q4),5,20541,0.161,0.11,Pakistan Academy of Sciences,Pakistan,"25184245, 25184253"
223,20th International Conference Geoinformatics: Theoretical and Applied Aspects,-1,-1,-1,-1,-1,-1,-1.0,-1.0,-1,-1,-1
224,"ASCE-ASME Journal of Risk and Uncertainty in Engineering Systems, Part A: Civil Engineering","ASCE-ASME Journal of Risk and Uncertainty in Engineering Systems, Part A: Civil Engineering ",ASCE-ASME J. Risk Uncertain. Eng. Syst. A: Civ. Eng.,Journal,"Building and Construction (Q2); Civil and Structural Engineering (Q2); Safety, Risk, Reliability and Quality (Q2)",20,10408,0.479,2.59,American Society of Civil Engineers (ASCE),United States,23767642
225,BMJ Open,BMJ Open Respiratory Research ,BMJ Open Respir. Res.,Journal,Pulmonary and Respiratory Medicine (Q1),29,2576,1.333,4.58,BMJ Publishing Group,United Kingdom,20524439
226,Resources and Environment in the Yangtze Basin,-1,-1,-1,-1,-1,-1,-1.0,-1.0,-1,-1,-1
227,Wuhan Daxue Xuebao (Xinxi Kexue Ban)/Geomatics and Information Science of Wuhan University,Wuhan Daxue Xuebao (Xinxi Kexue Ban)/Geomatics and Information Science of Wuhan University ,Wuhan Daxue Xuebao (Xinxi Kexue Ban)/Geomat. Inf. Sci. Wuhan Univ.,Journal,Computer Science (miscellaneous) (Q3); Earth-Surface Processes (Q3),32,14065,0.325,1.12,Wuhan University,China,"16718860, 1000050X"
228,Journal of Physics: Conference Series,Journal of Physics: Conference Series ,J. Phys.: Conf. Ser.,Conference and proceedings,Physics and Astronomy (miscellaneous),85,18099,0.21,0.48,IOP Publishing Ltd.,United Kingdom,"17426588, 17426596"
229,"Proceedings - 2020 IEEE International Conference on Engineering, Technology and Innovation, ICE/ITMC 2020",-1,-1,-1,-1,-1,-1,-1.0,-1.0,-1,-1,-1
230,ACM International Conference Proceeding Series,ACM International Conference Proceeding Series ,ACM Int. Conf. Proceeding Ser.,Conference and proceedings,Artificial Intelligence; Computer Networks and Communications; Computer Vision and Pattern Recognition; Human-Computer Interaction; Software,128,17131,0.232,0.55,Association for Computing Machinery (ACM),United States,-
231,International Journal of Scientific and Technology Research,-1,-1,-1,-1,-1,-1,-1.0,-1.0,-1,-1,-1
232,Kexue Tongbao/Chinese Science Bulletin,Kexue Tongbao/Chinese Science Bulletin ,Kexue Tongbao/Chin. Sci. Bull.,Journal,Multidisciplinary (Q2),30,16701,0.243,1.25,Science China Press,China,"0023074X, 20959419"
233,Mobilities Facing Hydrometeorological Extreme Events 2: Analysis of Adaptation Rhythms,-1,-1,-1,-1,-1,-1,-1.0,-1.0,-1,-1,-1
234,"30th European Safety and Reliability Conference, ESREL 2020 and 15th Probabilistic Safety Assessment and Management Conference, PSAM 2020",-1,-1,-1,-1,-1,-1,-1.0,-1.0,-1,-1,-1
235,Civil Engineering and Architecture,Civil Engineering and Architecture ,Civ. Eng. Archit.,Journal,Architecture (Q2); Civil and Structural Engineering (Q4),7,17297,0.228,1.36,Horizon Research Publishing,United States,"23321091, 23321121"
236,WIT Transactions on Engineering Sciences,WIT Transactions on Engineering Sciences ,WIT Trans. Eng. Sci.,Conference and proceedings,Computational Mechanics; Electrical and Electronic Engineering; Electrochemistry; Fluid Flow and Transfer Processes; Materials Science (miscellaneous); Mathematics (miscellaneous); Mechanical Engineering; Mechanics of Materials,17,19327,0.185,0.54,WITPress,United Kingdom,17433533
237,Proceedings of the International ISCRAM Conference,-1,-1,-1,-1,-1,-1,-1.0,-1.0,-1,-1,-1
238,"Acta Universitatis Carolinae, Geographica","Acta Universitatis Carolinae, Geographica ",Acta Univ. Carol. Geogr.,Journal,"Earth and Planetary Sciences (miscellaneous) (Q4); Geography, Planning and Development (Q4)",14,20141,0.168,0.81,Karolinum - Nakladatelstvi Univerzity Karlovy,Czech Republic,3005402
239,Journal of Natural Disasters,Journal of Natural Disasters ,J. Nat. Disasters,Journal,Earth and Planetary Sciences (miscellaneous) (Q4); Geotechnical Engineering and Engineering Geology (Q4),22,21982,0.137,0.41,Science Press,China,10044574
240,Sustainability (Switzerland),-1,-1,-1,-1,-1,-1,-1.0,-1.0,-1,-1,-1
241,Geoheritage,Geoheritage ,Geoheritage,Journal,"Earth and Planetary Sciences (miscellaneous) (Q2); Geography, Planning and Development (Q2); Nature and Landscape Conservation (Q2)",35,10210,0.489,2.81,Springer Verlag,Germany,"18672477, 18672485"
242,Nature Communications,Nature Communications ,Nat. Commun.,Journal,"Biochemistry, Genetics and Molecular Biology (miscellaneous) (Q1); Chemistry (miscellaneous) (Q1); Physics and Astronomy (miscellaneous) (Q1)",410,280,4.846,15.41,Nature Publishing Group,United Kingdom,20411723
243,GIS: Proceedings of the ACM International Symposium on Advances in Geographic Information Systems,-1,-1,-1,-1,-1,-1,-1.0,-1.0,-1,-1,-1
244,"Proceedings of the 3rd ACM SIGSPATIAL International Workshop on AI for Geographic Knowledge Discovery, GeoAI 2019",-1,-1,-1,-1,-1,-1,-1.0,-1.0,-1,-1,-1
245,Journal of Irrigation and Drainage Engineering,Journal of Irrigation and Drainage Engineering - ASCE ,J. Irrig. Drain. Eng. - ASCE,Journal,Agricultural and Biological Sciences (miscellaneous) (Q2); Civil and Structural Engineering (Q3); Water Science and Technology (Q3),79,12348,0.389,1.34,American Society of Civil Engineers (ASCE),United States,"07339437, 19434774"
246,"17th European Conference on Soil Mechanics and Geotechnical Engineering, ECSMGE 2019 - Proceedings",-1,-1,-1,-1,-1,-1,-1.0,-1.0,-1,-1,-1
247,Climate Extremes and Their Implications for Impact and Risk Assessment,-1,-1,-1,-1,-1,-1,-1.0,-1.0,-1,-1,-1
248,"Australasian Transport Research Forum, ATRF 2019 - Proceedings",-1,-1,-1,-1,-1,-1,-1.0,-1.0,-1,-1,-1
249,"20th Congress of IABSE, New York City 2019: The Evolving Metropolis - Report",-1,-1,-1,-1,-1,-1,-1.0,-1.0,-1,-1,-1
250,Computer-Aided Civil and Infrastructure Engineering,Computer-Aided Civil and Infrastructure Engineering ,Comput.-Aided Civ. Infrastruct. Eng.,Journal,Civil and Structural Engineering (Q1); Computational Theory and Mathematics (Q1); Computer Graphics and Computer-Aided Design (Q1); Computer Science Applications (Q1),89,550,3.134,9.47,Wiley-Blackwell Publishing Ltd,United Kingdom,"14678667, 10939687"
251,MATEC Web of Conferences,-1,-1,-1,-1,-1,-1,-1.0,-1.0,-1,-1,-1
252,International Journal of Digital Earth,International Journal of Digital Earth ,Int. J. Digit. Earth,Journal,Earth and Planetary Sciences (miscellaneous) (Q1); Computer Science Applications (Q2); Software (Q2),50,4781,0.903,4.88,Taylor and Francis Ltd.,United Kingdom,"17538955, 17538947"
253,Land Degradation and Development,Land Degradation and Development ,Land Degrad. Dev.,Journal,Development (Q1); Environmental Chemistry (Q1); Environmental Science (miscellaneous) (Q1); Soil Science (Q1),89,2862,1.246,4.77,John Wiley and Sons Ltd,United Kingdom,"1099145X, 10853278"
254,Annals of the American Association of Geographers,Annals of the American Association of Geographers ,Ann. Am. Assoc. Geogr.,Journal,"Earth-Surface Processes (Q1); Geography, Planning and Development (Q1)",121,1808,1.635,4.3,Taylor and Francis Ltd.,United Kingdom,"24694460, 24694452"
255,"9th European Workshop on Structural Health Monitoring, EWSHM 2018",-1,-1,-1,-1,-1,-1,-1.0,-1.0,-1,-1,-1
256,"26th International Congress on Large Dams, 2018",-1,-1,-1,-1,-1,-1,-1.0,-1.0,-1,-1,-1
257,"2018 Hydrology and Water Resources Symposium, HWRS 2018: Water and Communities",-1,-1,-1,-1,-1,-1,-1.0,-1.0,-1,-1,-1
258,International Journal of Safety and Security Engineering,International Journal of Safety and Security Engineering ,Int. J. Saf. Secur. Eng.,Journal,"Environmental Science (miscellaneous) (Q3); Safety, Risk, Reliability and Quality (Q4)",12,17640,0.22,1.09,International Information and Engineering Technology Association,United Kingdom,"2041904X, 20419031"
259,"Computers, Environment and Urban Systems","Computers, Environment and Urban Systems ",Comput. Environ. Urban Syst.,Journal,"Ecological Modeling (Q1); Environmental Science (miscellaneous) (Q1); Geography, Planning and Development (Q1); Urban Studies (Q1)",97,1673,1.703,6.81,Elsevier Ltd.,United Kingdom,1989715
260,Open Construction and Building Technology Journal,Open Construction and Building Technology Journal ,Open Constr. Build. Technol. J.,Journal,Building and Construction (Q2),23,12611,0.378,1.51,Bentham Science Publishers B.V.,United Arab Emirates,18748368
261,Journal of the American Water Resources Association,Journal of the American Water Resources Association ,J. Am. Water Resour. Assoc.,Journal,Earth-Surface Processes (Q1); Ecology (Q1); Water Science and Technology (Q1),110,5856,0.788,2.45,Wiley-Blackwell Publishing Ltd,United States,"1093474X, 17521688"
262,"Proceedings - 22nd International Congress on Modelling and Simulation, MODSIM 2017",-1,-1,-1,-1,-1,-1,-1.0,-1.0,-1,-1,-1
263,"23rd Canadian Hydrotechnical Conference, Held as part of the Canadian Society for Civil Engineering Annual Conference and General Meeting 2017",-1,-1,-1,-1,-1,-1,-1.0,-1.0,-1,-1,-1
264,"38th Asian Conference on Remote Sensing - Space Applications: Touching Human Lives, ACRS 2017",-1,-1,-1,-1,-1,-1,-1.0,-1.0,-1,-1,-1
265,"13th International MEDCOAST Congress on Coastal and Marine Sciences, Engineering, Management and Conservation, MEDCOAST 2017",-1,-1,-1,-1,-1,-1,-1.0,-1.0,-1,-1,-1
266,"International Multidisciplinary Scientific GeoConference Surveying Geology and Mining Ecology Management, SGEM","International Multidisciplinary Scientific GeoConference Surveying Geology and Mining Ecology Management, SGEM ",Int. Multidiscip. Sci. GeoConference Surv. Geol. Min. Ecol. Manag. SGEM,Conference and proceedings,Geology; Geotechnical Engineering and Engineering Geology,24,21490,0.144,0.24,International Multidisciplinary Scientific Geoconference,Bulgaria,13142704
267,Journal of Transportation Engineering,Journal of Transportation Engineering Part B: Pavements ,J. Transp. Eng. B: Pavements,Journal,Civil and Structural Engineering (Q2); Transportation (Q2),13,7718,0.636,2.36,American Society of Civil Engineers (ASCE),United States,25735438
268,Remote Sensing Applications: Society and Environment,Remote Sensing Applications: Society and Environment ,Remote Sens. Appl.: Soc. Environ.,Journal,"Computers in Earth Sciences (Q1); Geography, Planning and Development (Q1)",27,5334,0.84,4.93,Elsevier BV,Netherlands,23529385
269,Materials and Infrastructures 2,-1,-1,-1,-1,-1,-1,-1.0,-1.0,-1,-1,-1
270,"Proceedings of the 6th International Disaster and Risk Conference: Integrative Risk Management - Towards Resilient Cities, IDRC Davos 2016",-1,-1,-1,-1,-1,-1,-1.0,-1.0,-1,-1,-1
271,"Functional Pavement Design - Proceedings of the 4th Chinese-European Workshop on Functional Pavement Design, CEW 2016",-1,-1,-1,-1,-1,-1,-1.0,-1.0,-1,-1,-1
272,"37th Asian Conference on Remote Sensing, ACRS 2016",-1,-1,-1,-1,-1,-1,-1.0,-1.0,-1,-1,-1
273,"Maintenance, Monitoring, Safety, Risk and Resilience of Bridges and Bridge Networks - Proceedings of the 8th International Conference on Bridge Maintenance, Safety and Management, IABMAS 2016",-1,-1,-1,-1,-1,-1,-1.0,-1.0,-1,-1,-1
274,Transportation Research Part A: Policy and Practice,-1,-1,-1,-1,-1,-1,-1.0,-1.0,-1,-1,-1
275,Public Recreation and Landscape Protection - With Man Hand in Hand! 2015 Conference Proceeding,-1,-1,-1,-1,-1,-1,-1.0,-1.0,-1,-1,-1
276,"12th International Conference on Applications of Statistics and Probability in Civil Engineering, ICASP 2015",-1,-1,-1,-1,-1,-1,-1.0,-1.0,-1,-1,-1
277,"ACRS 2015 - 36th Asian Conference on Remote Sensing: Fostering Resilient Growth in Asia, Proceedings",-1,-1,-1,-1,-1,-1,-1.0,-1.0,-1,-1,-1
278,Electrical Transmission and Substation Structures 2015: Technical Challenges and Innovative Solutions in Grid Modernization - Proceedings of the 2015 Electrical Transmission and Substation Structures Conference,-1,-1,-1,-1,-1,-1,-1.0,-1.0,-1,-1,-1
279,"Safety and Reliability of Complex Engineered Systems - Proceedings of the 25th European Safety and Reliability Conference, ESREL 2015",-1,-1,-1,-1,-1,-1,-1.0,-1.0,-1,-1,-1
280,"Imaging and Geospatial Technology Forum, IGTF 2015 - ASPRS Annual Conference and co-located JACIE Workshop",-1,-1,-1,-1,-1,-1,-1.0,-1.0,-1,-1,-1
281,CEUR Workshop Proceedings,CEUR Workshop Proceedings ,CEUR Workshop Proc.,Conference and proceedings,Computer Science (miscellaneous),57,17296,0.228,0.52,,United States,16130073
282,Livestock Research for Rural Development,Livestock Research for Rural Development ,Livest. Res. Rural Dev.,Journal,Animal Science and Zoology (Q3),33,16591,0.246,0.59,Centro para la Investigacion en Sistemas Sostenibles de Produccion Agropecuaria,Colombia,1213784
283,Water and Energy International,Water and Energy International ,Water Energy Int.,Journal,"Renewable Energy, Sustainability and the Environment (Q4); Water Science and Technology (Q4)",3,22907,0.126,0.11,Central Board of Irrigation and Power,India,"09744711, 09744207"
284,"2014 Transportation Association of Canada Conference and Exhibition: Past, Present, Future, ATC 2014",-1,-1,-1,-1,-1,-1,-1.0,-1.0,-1,-1,-1
285,ATRF 2011 - 34th Australasian Transport Research Forum,-1,-1,-1,-1,-1,-1,-1.0,-1.0,-1,-1,-1
286,Cuadernos de Investigacion Geografica,Cuadernos de Investigacion Geografica ,Cuad. Investig. Geogr.,Journal,"Earth and Planetary Sciences (miscellaneous) (Q2); Environmental Science (miscellaneous) (Q2); Geography, Planning and Development (Q2)",22,10172,0.491,2.07,University of La Rioja,Spain,"02116820, 16979540"
287,WIT Transactions on the Built Environment,WIT Transactions on the Built Environment ,WIT Trans. Built Environ.,Journal,"Architecture (Q2); Arts and Humanities (miscellaneous) (Q3); Automotive Engineering (Q4); Building and Construction (Q4); Civil and Structural Engineering (Q4); Computer Science Applications (Q4); Safety Research (Q4); Safety, Risk, Reliability and Quality (Q4); Transportation (Q4)",25,19710,0.177,0.43,WITPress,United Kingdom,17433509
288,Natural Hazards and Earth System Science,Natural Hazards and Earth System Sciences ,Nat. Hazards Earth Syst. Sci.,Journal,Earth and Planetary Sciences (miscellaneous) (Q1),107,3301,1.142,4.2,European Geosciences Union,Germany,"16849981, 15618633"
289,"Pipelines 2012: Innovations in Design, Construction, Operations, and Maintenance - Doing More with Less - Proceedings of the Pipelines 2012 Conference",-1,-1,-1,-1,-1,-1,-1.0,-1.0,-1,-1,-1
290,River Conservation and Management,-1,-1,-1,-1,-1,-1,-1.0,-1.0,-1,-1,-1
291,"Proceedings of the 34th Hydrology and Water Resources Symposium, HWRS 2012",-1,-1,-1,-1,-1,-1,-1.0,-1.0,-1,-1,-1
292,"Proceedings of the 4th International Disaster and Risk Conference: Integrative Risk Management in a Changing World - Pathways to a Resilient Society, IDRC Davos 2012",-1,-1,-1,-1,-1,-1,-1.0,-1.0,-1,-1,-1
293,"2011 Summer Simulation Multiconference, SummerSim'11, Co-located with the 2011 SISO European Simulation Interoperability Workshop, Euro SIW",-1,-1,-1,-1,-1,-1,-1.0,-1.0,-1,-1,-1
294,Italian Journal of Engineering Geology and Environment,Italian Journal of Engineering Geology and Environment ,Ital. J. Eng. Geol. Environ.,Journal,Environmental Engineering (Q4); Geotechnical Engineering and Engineering Geology (Q4),12,18844,0.194,0.67,La Sapienza Publishing House,Italy,"18256635, 20355688"
295,World Environmental and Water Resources Congress 2011: Bearing Knowledge for Sustainability - Proceedings of the 2011 World Environmental and Water Resources Congress,-1,-1,-1,-1,-1,-1,-1.0,-1.0,-1,-1,-1
296,Lowland Technology International,-1,-1,-1,-1,-1,-1,-1.0,-1.0,-1,-1,-1
297,"34th IAHR Congress 2011 - Balance and Uncertainty: Water in a Changing World, Incorporating the 33rd Hydrology and Water Resources Symposium and the 10th Conference on Hydraulics in Water Engineering",-1,-1,-1,-1,-1,-1,-1.0,-1.0,-1,-1,-1
298,"Proceedings of the International Conference on Risk Management, Assessment and Mitigation, RIMA '10",-1,-1,-1,-1,-1,-1,-1.0,-1.0,-1,-1,-1
299,WSEAS Transactions on Environment and Development,WSEAS Transactions on Environment and Development ,WSEAS Trans. Environ. Dev.,Journal,"Geography, Planning and Development (Q3); Development (Q4); Ecological Modeling (Q4); Energy (miscellaneous) (Q4); Environmental Chemistry (Q4); Environmental Engineering (Q4); Environmental Science (miscellaneous) (Q4); Management, Monitoring, Policy and Law (Q4); Waste Management and Disposal (Q4)",21,19277,0.186,1.01,World Scientific and Engineering Academy and Society,Greece,"17905079, 22243496"
300,Acta Universitatis Agriculturae et Silviculturae Mendelianae Brunensis,Acta Universitatis Agriculturae et Silviculturae Mendelianae Brunensis ,Acta Univ. Agric. Silvic. Mendel. Brun.,Journal,Agricultural and Biological Sciences (miscellaneous) (Q4),20,19711,0.176,0.7,Mendel University of Agriculture and Forestry Brno,Czech Republic,12118516
301,Yingyong Jichu yu Gongcheng Kexue Xuebao/Journal of Basic Science and Engineering,Yingyong Jichu yu Gongcheng Kexue Xuebao/Journal of Basic Science and Engineering ,Yingyong Jichu yu Gongcheng Kexue Xuebao/J. Basic Sci. Eng.,Journal,Engineering (miscellaneous) (Q3),19,16838,0.24,0.53,,China,10050930
302,AEJ - Alexandria Engineering Journal,AEJ - Alexandria Engineering Journal ,AEJ - Alex. Eng. J.,Journal,Engineering (miscellaneous) (Q1),68,5324,0.84,6.77,Alexandria University,Egypt,11100168
303,Planet Earth,-1,-1,-1,-1,-1,-1,-1.0,-1.0,-1,-1,-1
304,International Journal of River Basin Management,International Journal of River Basin Management ,Int. J. River Basin Manag.,Journal,Water Science and Technology (Q2),38,9074,0.552,2.25,Taylor and Francis Ltd.,United Kingdom,"15715124, 18142060"
305,Proceedings of ISCRAM 2005 - 2nd International Conference on Information Systems for Crisis Response and Management,-1,-1,-1,-1,-1,-1,-1.0,-1.0,-1,-1,-1
306,Journal of Environmental Systems,-1,-1,-1,-1,-1,-1,-1.0,-1.0,-1,-1,-1
307,IAHS-AISH Publication,-1,-1,-1,-1,-1,-1,-1.0,-1.0,-1,-1,-1
308,World Health Statistics Quarterly,-1,-1,-1,-1,-1,-1,-1.0,-1.0,-1,-1,-1
309,Public Works,Public Works Management and Policy ,Public Works Manag. Policy,Journal,"Sociology and Political Science (Q2); Business, Management and Accounting (miscellaneous) (Q3); Public Administration (Q3)",26,14548,0.308,0.74,SAGE Publications Inc.,United States,1087724X
310,"Engineering Geology for Society and Territory - Volume 3: River Basins, Reservoir Sedimentation and Water Resources",-1,-1,-1,-1,-1,-1,-1.0,-1.0,-1,-1,-1
311,"Engineering Geology for Society and Territory - Volume 5: Urban Geology, Sustainable Planning and Landscape Exploitation",-1,-1,-1,-1,-1,-1,-1.0,-1.0,-1,-1,-1
312,Engineering Geology for Society and Territory - Volume 6: Applied Geology for Major Engineering Projects,-1,-1,-1,-1,-1,-1,-1.0,-1.0,-1,-1,-1
313,Environmental Modeling with GIS,-1,-1,-1,-1,-1,-1,-1.0,-1.0,-1,-1,-1
